[
  {
    "id": 1,
    "titulo": "El Misterio del Amor",
    "categoria": "Personal",
    "fecha": "2023-09-23",
    "contenido": "El amor, ese sentimiento profundo y misterioso que ha intrigado a la humanidad desde tiempos inmemoriales. ¿Qué es el amor, sino una amalgama de emociones, pensamientos y deseos que nos envuelven en un abrazo cálido y a veces tumultuoso? El amor es la chispa que enciende el fuego de nuestras vidas, la fuerza que nos impulsa a abrir nuestro corazón a otro ser humano."
  },
  {
    "id": 2,
    "titulo": "Atomic Design: La Metodología de Diseño Modular",
    "categoria": "Trabajo",
    "fecha": "2023-09-24",
    "contenido": "El Atomic Design, o Diseño Atómico, es una metodología de diseño de interfaces de usuario que busca descomponer los componentes de una interfaz en elementos más pequeños y reutilizables, siguiendo una jerarquía similar a la de los elementos químicos en la tabla periódica. Esta metodología fue desarrollada por Brad Frost y se ha convertido en una herramienta esencial en el campo del diseño de experiencia de usuario (UX) y diseño de interfaces."
  },
  {
    "id": 3,
    "titulo": "Design Thinking: Una Metodología para la Innovación Creativa",
    "categoria": "Trabajo",
    "fecha": "2023-09-24",
    "contenido": "El Design Thinking es una metodología de resolución de problemas que se centra en la empatía con el usuario, la generación de ideas creativas y la experimentación rápida para encontrar soluciones efectivas y centradas en el usuario. Esta metodología se ha convertido en una herramienta esencial en campos como el diseño de productos, la innovación empresarial y el desarrollo de servicios."
  },
  {
    "id": 4,
    "titulo": "Biología: La Ciencia de la Vida",
    "categoria": "Académico",
    "fecha": "2023-09-24",
    "contenido": "La biología es la ciencia que se adentra en el estudio de la vida en todas sus formas y manifestaciones. Desde la más pequeña célula hasta los ecosistemas más vastos, la biología busca comprender los procesos que gobiernan la existencia y la diversidad de los seres vivos en nuestro planeta. Una de las fascinaciones centrales de la biología es la manera en que la vida se adapta y evoluciona. La teoría de la evolución, propuesta por Charles Darwin, ha sido un pilar fundamental de la biología. Esta teoría nos enseña que los seres vivos cambian con el tiempo a través de la selección natural, adaptándose a sus entornos y dando lugar a la asombrosa diversidad de especies que observamos hoy en día."
  },
  {
    "id": 5,
    "titulo": "La Alegría: Un Rayo de Luz en la Vida",
    "categoria": "Personal",
    "fecha": "2023-09-25",
    "contenido": "La alegría, esa emoción luminosa que ilumina nuestras vidas y nos hace sentir vivos. Es como un rayo de luz que atraviesa las nubes grises de la rutina y la monotonía, llenando nuestros corazones de calidez y energía. Cuando la alegría nos visita, nuestros rostros se iluminan con sonrisas sinceras y nuestros ojos brillan con un resplandor especial. Es un sentimiento que no se puede fingir, una expresión auténtica de nuestro ser interior."
  },
  {
    "id": 6,
    "titulo": "Filosofía: La Búsqueda de la Sabiduría y la Comprensión",
    "categoria": "Académico",
    "fecha": "2023-09-22",
    "contenido": "La filosofía, a lo largo de la historia de la humanidad, ha sido la herramienta con la que exploramos las preguntas fundamentales sobre la existencia, el conocimiento, la moralidad y la realidad misma. Es un viaje intelectual en busca de la sabiduría y la comprensión más allá de las respuestas simples y superficiales. En su esencia, la filosofía es un ejercicio de pensamiento crítico y reflexión profunda. Nos impulsa a cuestionar nuestras creencias, a desafiar las suposiciones y a explorar nuevos conceptos. Nos invita a analizar las cuestiones más complejas y abstractas de la vida y a buscar respuestas que no siempre son fáciles de encontrar."
  }
]